out_name,out_label
0001000010181205_8VpgVUyq2aUVWEJ1FFLUzg.jpg,d interwar
0001000010099415_LW-xWHFA0r2AY0-hK1XGOg.jpg,d interwar
0001000010143291_Sj3hPQvtszVIQQPS3yBa1Q.jpg,d interwar
0001000010138802_pw2UyKUlBoGrI6rKq1Xf8w.jpg,d interwar
0001000010146182_HwYITTTyrs7nEHrbCPX84g.jpg,e postwar
0001000010055652_2gCreTTLkzCORx-bYzrrFQ.jpg,c edwardian late victorian
0001000010067991_nXBnWdHFhPyP5oAQh3XnWw.jpg,e postwar
0001000010097909_jGeCw-oRGQtU8OJOvWbH9Q.jpg,b victorian
0001000010138597_vS08gaOhyuVW5DAH_QsS7g.jpg,e postwar
0001000010061105_RVrGGwuFrp8ysQs7GehwQQ.jpg,c edwardian late victorian
0001000010106882_DJ9Oce6S8NJxLfQ_I2OBGQ.jpg,d interwar
0001000010022539_QFOSiO0qvUSIDTPDFIKUdw.jpg,e postwar
0001000009995496_N4NgCofyWASyYfcSPTjdBA.jpg,d interwar
0001000010060142_W3ZIE8mPY6LJb-_hKatlUw.jpg,a georgian
0001000010025751_mBFm6tx7c_o7AJlVcfyOAQ.jpg,d interwar
0001000010099361_3L6p7CrfH6fAPh4ASkvtjA.jpg,d interwar
0001000010177410_-W6tdsj1nHHTIHY60lY9QA.jpg,e postwar
0001000010023655_tU0qhUq6nIES4LZNtXDItA.jpg,e postwar
0001000010143241_8raezhi5cbWafgHIY4tQ6Q.jpg,d interwar
0001000010140146__T9Gx_tMXOGvqQYJila4bw.jpg,e postwar
0001000010143305_gRiMVy7yxb_769LonijInA.jpg,c edwardian late victorian
0001000010023665_B2Is2WMV8SGjf7Tg9tLS7w.jpg,e postwar
0001000010101313_41v4YL_xMZ1CPCijELnR_Q.jpg,c edwardian late victorian
0001000010100657_OFWx-A5CGTf0HwuHaNYiDQ.jpg,d interwar
0001000010019142_ExPMwwSwF6dbGaRSci06ug.jpg,c edwardian late victorian
0001000010017229_IxXzqY_o8oXTJs_NJz48jQ.jpg,c edwardian late victorian
0001000010022507_p2yHCJXPWZ94j9aVy9oA8Q.jpg,e postwar
0001000010143277_oQ4Foat3VFjWVPRK8QwoWQ.jpg,d interwar
0001000010096882_ZLFBFP4zYgd78DM6LAa27w.jpg,b victorian
0001000010057637_6X0i6qHqQdfl7MNozSI4cg.jpg,c edwardian late victorian
0001000010138263_jI5286cWu0HraVSwb3DVgA.jpg,d interwar
0001000009995302_q_vKGv2DuQ2NCTht7qNd9w.jpg,d interwar
0001000010102504_Rfc7VimMQGE61uXhbliu7A.jpg,d interwar
0001000010058135_vUU2oH9C6BNwT33EharG2w.jpg,a georgian
0001000010102355_UfLHY_IQYHM4cHXQP5lV1Q.jpg,d interwar
0001000010062193_cnLSSASahzIGIBYcGPdyXQ.jpg,c edwardian late victorian
0001000010181373_IkFfBSofbXtEl-M_BGc5Jg.jpg,d interwar
0001000010017237_yWs7fxQ0r8Ecx_ajaYc-rg.jpg,c edwardian late victorian
0001000010139322_A5xH-V1HQI7Snc85CYBgrQ.jpg,e postwar
0001000010099967_73r-Sn8-ChHM6oUb3x2NDw.jpg,d interwar
0001000010017375_QqSn4meFmFAYlL1yLGfxbg.jpg,c edwardian late victorian
0001000009995294_dpsT1zQD8ow3SLPHfJsQOA.jpg,d interwar
0001000010101030_qZwt5p0JG_aNABoMKwxwng.jpg,c edwardian late victorian
0001000010097302_pbuytXxvUmcaljlrFXkYKA.jpg,c edwardian late victorian
0001000010066756_dJmIRHcgebzrGzDR_Cahaw.jpg,e postwar
0001000010024054_qIh_cPMcOO-5vElXPJm3Pg.jpg,e postwar
0001000010103856__0Z8DbyzcybV6jsivj8Riw.jpg,b victorian
0001000010145456_yyekUtVh31g3JJTxygKEfQ.jpg,d interwar
0001000010145017_ulhO-CXFVnq82VKYpmTsJA.jpg,e postwar
0001000010109307_l-Sk2p9Cm1cs7K8oOyOPpA.jpg,d interwar
0001000010110147_bQQS-WKOMG0kE6QGRunTcQ.jpg,d interwar
0001000010062780_ECSZrjpP283dqRctb1qTng.jpg,c edwardian late victorian
0001000010059844__bf56gsfdapMxG531EIO_w.jpg,c edwardian late victorian
0001000010138865__yqcE232r_NZu3HdYTHRbQ.jpg,d interwar
0001000010101349_YDdGdYZo3usN_0MeMHZf9g.jpg,c edwardian late victorian
0001000010065218_bbshTeDWg5qIcsDY3Ttcnw.jpg,d interwar
0001000010064089_J327TB59ORCiavT8Rv7IEA.jpg,e postwar
0001000010102771_c_e4WlmafqN2JXQ2ZhYEkw.jpg,b victorian
0001000010093227_lMz8robOGAZlfcwUv2AFZQ.jpg,e postwar
0001000010136228_ixSr8KMIFMcFjeYgGL1VIw.jpg,e postwar
0001000010103343_kPOaQCXkFBXP3yLnJ-cbBw.jpg,b victorian
0001000010106108_bqGUJbkPRGT12nCNiNSkaA.jpg,c edwardian late victorian
0001000010096951_4x9OLIsFtU33ViKEvZKSXw.jpg,b victorian
0001000009992867_yjs6xcESfIlpSsViKlxWRQ.jpg,b victorian
0001000010094143_MHBuE2yi4S_okpqH4hNMxA.jpg,c edwardian late victorian
0001000010096940_FCrxwPKe8iJNrIOsMVGMNQ.jpg,b victorian
0001000010098155_2XNAg4Q0I1GFg4hG7qsUng.jpg,c edwardian late victorian
0001000010061343_nsTAzBxEWOms5Rm-trkuOw.jpg,d interwar
0001000009993036_NhW-pOHrD2kbDZU70C16TQ.jpg,e postwar
0001000010098916_-Kv_GCeQ15Z3QVaFbejZpg.jpg,c edwardian late victorian
0001000010139372_il8GHG4Xhsvv8gW6grC8kQ.jpg,d interwar
0001000010099012_J0fkS8VK-pknXkEb31VhQw.jpg,c edwardian late victorian
0001000010098004_5g5Bhsn_4iW-90aFMrIaSA.jpg,c edwardian late victorian
0001000010063022_Cqw5S4I6MogHFILWxIilAQ.jpg,e postwar
0001000010110806_5DfzTdqqJCUbGn2rKYn0CQ.jpg,d interwar
0001000010025359_4XvjQ3uUWFmIISpKs85-xQ.jpg,d interwar
0001000010100544_Wno5QpMVizLugyAobcSCiQ.jpg,d interwar
0001000010109514_I-EzDGV8oXYD53Wjf9ojjA.jpg,d interwar
0001000010099514_jZkxCQrdj-NvbPdSKDFZsg.jpg,d interwar
0001000010099279_OruR_v3cy1BczLDui24kJw.jpg,d interwar
0001000010181445_8VpgVUyq2aUVWEJ1FFLUzg.jpg,d interwar
0001000010111478_LTUCNnGAI19fC3ohu2NNBA.jpg,d interwar
0001000010144619_Q-9s0YGiXXis8aq9ztLPQQ.jpg,d interwar
0001000010179470_ExKylxzx04HppOPS0UUWcQ.jpg,e postwar
0001000010181592_h1yYioCh1jJF0OOO1uERLw.jpg,d interwar
0001000010059889_mmRh_FJxLXJLBSI_k8WO7w.jpg,b victorian
0001000010100998_c3SWugn9sWG8tKDwLWULSA.jpg,c edwardian late victorian
0001000010103950_y6GC-VSUB_81VOPC8pbn5A.jpg,c edwardian late victorian
0001000010097907_rudQT9S-hOisRMhxEHqhQA.jpg,b victorian
0001000010179080_jpT9gUnxLMsFAFOTxf1e8A.jpg,e postwar
0001000010104049_Hj9ZqmhMjwttHzlrus71nQ.jpg,b victorian
0001000010016914_8rUXcJrXRYPSapbwII-QmQ.jpg,c edwardian late victorian
0001000010099013_xWkyqbL7Swq6nsfHMewX7w.jpg,b victorian
0001000010137793_-fN-U1sffjlYMpQ-RLg3Cg.jpg,d interwar
0001000010093816_pKdWDc0ohExoYdDiG0XQ5w.jpg,c edwardian late victorian
0001000009993840_OHfr9wqJstqblMa6VRx5DA.jpg,e postwar
0001000010061065_-4yAxBJUtKFrOVMpuxvv_w.jpg,b victorian
0001000010140841_83b-72Gy8hMDcDFrbZOx4g.jpg,d interwar
0001000010145865_Df_jJXCcNArbwdkBwd9XEA.jpg,d interwar
0001000010020247_uu0_nwsSqdP2bBaSWrhTeA.jpg,c edwardian late victorian
0001000010138748_E3jRe1lh5Pctv_xj-pzwhg.jpg,d interwar
0001000010097992_FT9houQ2x66NPnNEGxTkvA.jpg,c edwardian late victorian
0001000010180793_pxL-_Ok-32We1egmEUA-VQ.jpg,e postwar
0001000042639921_K0zTHq1CrztfDQESJrGkMA.jpg,g cont victorian
0001000010105483_UZmtaXvUHHlP1aCnWnTRHw.jpg,b victorian
0001000010024696_yYKiOwyv9Zu0a3qsh6rsSQ.jpg,d interwar
0001000010143054_90Tjv9uVYDrnJKYO9jR_EQ.jpg,b victorian
0001000009995499_x9_PJKt5XCsN49Pe5qlLOQ.jpg,d interwar
0001000010098159_iv-lm4l2KfIfDGLgAMZtbA.jpg,c edwardian late victorian
0001000010016900_UN_mMHSUWN7x-7__KW74Ng.jpg,c edwardian late victorian
0001000010146679_9dBrChRVX0vtt6Mijf0Lag.jpg,d interwar
0001000010181579_SyOAErKVeyAkNFaa-6Z27w.jpg,d interwar
0001000010107015_r88NV5esdJbZpF3kRKFTEw.jpg,d interwar
0001000010101320_gYcwstAkEndv3DqxprpJyg.jpg,c edwardian late victorian
0001000010104075_88n2BizWy4Mc7lHvMoMWBg.jpg,b victorian
0001000010094118_BBOaL41SAZrh8bpSyGbmxQ.jpg,c edwardian late victorian
0001000010024654_4_Li6wfFLAXGvTSSx8ZyMQ.jpg,d interwar
0001000010102501_li5eUwHsX1ZVVbfROhYWEg.jpg,d interwar
0001000010101706_0hv1qpZiCoBDgVPSBd1lCQ.jpg,b victorian
0001000010094346_SxOfkWiLl8bE0sXfBXyLIw.jpg,d interwar
0001000010094320_sy9yt9UNokCHmnq_1qLQ4Q.jpg,d interwar
0001000010060051_vt6xrHAH9xU1W9rhSULtAw.jpg,c edwardian late victorian
0001000010066273_UMYQvAwK5Hjdzbd1N6KjUg.jpg,d interwar
0001000010020714_ErfOuN8UHAQHZmIGeElMGA.jpg,b victorian
0001000010022014_M37f26X-VGcCgAbsJUrQ8Q.jpg,e postwar
0001000010013562_1zD_tk5kSZ25Vxy_fqb0Bg.jpg,e postwar
0001000010017430_49dL_IvDa4jGOcoqX6c4_Q.jpg,c edwardian late victorian
0001000010097366_lU8OaMj3IMrOzeEKg0g5NA.jpg,b victorian
0001000010103487_Y1L2niOkEGB1IKe4tsl1yw.jpg,b victorian
0001000010024728_blPhwN61HhYaSMMiMq4HFg.jpg,d interwar
0001000010146790_6dofyWznhPlpScQVLlpGZQ.jpg,d interwar
0001000010055857_PghOgRNkkKyN5b2xwMF67Q.jpg,c edwardian late victorian
0001000010146063_uRHCC_B0AcSxZZTGpDmVcQ.jpg,d interwar
0001000010057523_nCHzMAoXau4tUkF1QyqfCQ.jpg,c edwardian late victorian
0001000010017275_vSpDvQTtCcQ71-xUp5eEow.jpg,c edwardian late victorian
0001000010177355_7jcao09BzUGc09BXRozfqg.jpg,e postwar
0001000010180094_hkS3tyK3zDcpvxxSeX39Bg.jpg,e postwar
0001000010023794_siu0wU6nUa06tVt-glfwoQ.jpg,e postwar
0001000010110612_AGm9ujSkwNgjP2cH6VhudA.jpg,e postwar
0001000010145657_D87ZqbsYdCPHjXiRB2zUDg.jpg,c edwardian late victorian
0001000010021068_yQrwcMfYb7_Uy2JFC-dOWQ.jpg,c edwardian late victorian
0001000010097715__GkWnLfHnU_VjfUXFIubeA.jpg,b victorian
0001000010137805_cUAnNSzm-jhvNfKeipXN9Q.jpg,d interwar
0001000010144649_6C8tq8tT42Vzxg9nj69UPw.jpg,d interwar
0001000010095766_al_8-8QmHJeSM66jwhHuLg.jpg,c edwardian late victorian
0001000010023314_tSYDr3CxITh59EP3H6dguQ.jpg,e postwar
0001000010055891_iOGlqfoVm1Rw57cuPqVlHQ.jpg,c edwardian late victorian
0001000010094899_Y24QnrWHoG5Otv-SZCE5mA.jpg,d interwar
0001000010111152_L3ReNU-WoMmkV_cY1YDEYQ.jpg,e postwar
0001000010096740_tElcpwVdZjWlTS7a8_42rg.jpg,c edwardian late victorian
0001000010139756_PWUDgQ5m4J4EdVL_yKLyTg.jpg,e postwar
0001000010139932_A4_dVn5ZoZ6PWbYC5fg_GA.jpg,e postwar
0001000010017179_2WYn-5cNQu9Huwhgkt4X_A.jpg,c edwardian late victorian
0001000010096866_rAzV1ke6ZQbaJOgcCrnTmw.jpg,b victorian
0001000010060789_7t5s858TtNeqvUnPGi-4BA.jpg,b victorian
0001000010104012_kzeQuIczJCTq1w8_9bXO_g.jpg,b victorian
0001000010098273_DfYm0AbRn_NtQzuuz2TCWA.jpg,c edwardian late victorian
0001000010058336_55ydQNCfbAWg1UYeQnrEJw.jpg,a georgian
0001000010066039_OsxVnysCOOweRRhqsxX8zQ.jpg,e postwar
0001000010141034_O0PbixjhWpV3s2wUR3M2dw.jpg,d interwar
0001000010144430_MBfmcXOWimum-uY2W3vtJA.jpg,d interwar
0001000010103821_olqXDK1p9HelfkBps0gDyA.jpg,b victorian
0001000010020054_CgkT8YPm7LrflBnYEBqxzA.jpg,c edwardian late victorian
0001000010066971_av1L0NqvoPjUicWXVEgCjg.jpg,e postwar
0001000010142632_wAX4qvCr3DO337xS3xTHzw.jpg,c edwardian late victorian
0001000009995120_kCu-fEmZGRuZ20ea7_XCaw.jpg,e postwar
0001000010143573_bZjkquOQJupZ9I0iDfDDZw.jpg,e postwar
0001000010020505_yUvsip6fuHE6ioUf9iPZMA.jpg,d interwar
0001000010099068_NNIIFXRWPFWEgUpmm_kSDw.jpg,c edwardian late victorian
0001000010106880_u1CeMcdds3WbRqpc1mr60w.jpg,d interwar
0001000010108003_Hk13tQtOKYHLz1e8LPLdEA.jpg,d interwar
0001000010100532_cuYB4mzxFFJ460QPpuhvrg.jpg,d interwar
0001000010101945_UZlurOZvWdN575WgGGHKKQ.jpg,c edwardian late victorian
0001000010178807_IIRRFufoTvC1fgcayRDzVA.jpg,e postwar
0001000010141121_DEOd5WlThqFy-kPVBQaHPg.jpg,d interwar
0001000010138700_W6K5uPGs57BwAYFQtNIHLg.jpg,d interwar
0001000010137760_aiAzw0LvgNv17Keu9WzylQ.jpg,d interwar
0001000010063047_-OUIV5C7WvqL4qz-1ooyGg.jpg,c edwardian late victorian
0001000010139108_jdGd04hWef_847s-wqn_zg.jpg,d interwar
0001000010110083_yV4oZwm_4rvwZWkjB948VQ.jpg,d interwar
0001000010059322_n7OvaimY2eNLkjBH_xjMIg.jpg,b victorian
0001000010176392_ll2uOHfHPKJ1snBV-DYlDg.jpg,e postwar
0001000010104016_wtLk96okT5ZE3p1N5PM69w.jpg,b victorian
0001000010096399_JZQ6gteTqF6LKKQ_FNG00A.jpg,c edwardian late victorian
0001000010021367_JF-P4lOQQouZ6lHtM4J3oA.jpg,c edwardian late victorian
0001000010019162_xZOZUN6IQ7sxsxhhHn1nvQ.jpg,c edwardian late victorian
0001000010055789_XDNIJAQ3rK3wrSE0nS6P3w.jpg,c edwardian late victorian
0001000010067263_bQhKAki7uqxDm-wdsOlUyA.jpg,e postwar
0001000010104994_38sRpQue47ZjDU2o7_EfQA.jpg,d interwar
0001000010102333_7RsTT1srWGIo_2KkIXva2Q.jpg,d interwar
0001000010103321_el94VirZj3pGV74UFEzeqg.jpg,c edwardian late victorian
0001000010096377_rTcEuKc0uvIgFVi-0ybnQQ.jpg,c edwardian late victorian
0001000010139289_vO5lNmyhfqy_lSR96J_54g.jpg,d interwar
0001000010059835_LROJm4wnyg452fHbzkaGOw.jpg,b victorian
0001000010020346_5ZsOWaN9cE7sQ2iXPD73_A.jpg,b victorian
0001000010065196_cjNa84M9tIIzX4j2WfY7cA.jpg,d interwar
0001000010095013_nFiqbwEIfr6QTu01wHSi1A.jpg,d interwar
0001000010020950_B8xBph3zFIfvhuNi9mWloA.jpg,c edwardian late victorian
0001000010096749_jB1F1zayP-e2089YJCAkJA.jpg,b victorian
0001000010101993_LRmkio5JOqNyk8AWXs2JBQ.jpg,d interwar
0001000010145725_NE8vk-DrDszP9-KnFwluzA.jpg,d interwar
0001000010099288_ObDnk2stLhKA7zv6TE0cBA.jpg,e postwar
0001000010062169_p15egTMLeafdBgmj8KW3Cw.jpg,c edwardian late victorian
0001000010097777_3WK5iIriAoPiX3khKSp3Gw.jpg,b victorian
0001000010103500_D-b42gm4A6-sNfY5IaKMQQ.jpg,b victorian
0001000010066162_6XzvRehhiZNAA7711yE3Cw.jpg,e postwar
0001000010058035_rEjZWG0Nhfa9VV6o6SHlVQ.jpg,b victorian
0001000010143629_X6Z973906Kg38MpSz6-RaQ.jpg,e postwar
0001000010097851_fTIbamXWc-Gb9BbI5tbUhg.jpg,b victorian
0001000010138723_9rfd1N_WqS8kn0amMZjSEQ.jpg,c edwardian late victorian
0001000010104527_L8aJbCy4NYue_Q638-U4jg.jpg,c edwardian late victorian
0001000010096290_EGjvbbi3uBqxucZ3r1--fA.jpg,c edwardian late victorian
0001000010021293_8f0aYpfmwhyms6lNy2HDlA.jpg,e postwar
0001000010065394_GtJ-d8LHZoDGhjm_p-c09g.jpg,d interwar
0001000010022189_Muome2VlWaZy1ilLPtxy5Q.jpg,d interwar
0001000010063024_Cqw5S4I6MogHFILWxIilAQ.jpg,e postwar
0001000010057624_TzQ8x2Y6MY7LGbcxWjJBgA.jpg,b victorian
0001000010104551_GQJEILF95sIA9agGpOT9Tw.jpg,d interwar
0001000010176228_bjNAdt6ug4hhwzC-mX-zZw.jpg,e postwar
0001000010104914_k-h7cyTdPpxdUW5Qa0t5TQ.jpg,d interwar
0001000010061942_5GR-uvDUfBQ3RICZJRIfgw.jpg,c edwardian late victorian
0001000010065604_QRmX5UNirERE7riCA8gV2w.jpg,e postwar
0001000009995456_n8nJi8xP11iDA4VvJC4IJQ.jpg,d interwar
0001000010055897_PghOgRNkkKyN5b2xwMF67Q.jpg,c edwardian late victorian
0001000010098266_FfFQC5OOQ56rsqa-TSFQOQ.jpg,c edwardian late victorian
0001000010138848_Qpejx7g4U7gD_v6HlSFsVg.jpg,d interwar
0001000010097925_Hl0eQzAt5EYeq-xNfiAGbw.jpg,c edwardian late victorian
0001000010096390_GXuviKvTzzXHr4jZBvh6AA.jpg,c edwardian late victorian
0001000010109292_fPuINg_OBhx8X1HT2rwDSg.jpg,b victorian
0001000010143115_HnN5QLtKtQmCMFJtDYcahw.jpg,b victorian
0001000010143132_TX3v0M00I1Ql7NoEG525rw.jpg,c edwardian late victorian
0001000010099378_EktwaIWDLGsE1RJokgW3UQ.jpg,b victorian
0001000010060140_8_DVq9QCmlMezNuDHGixwg.jpg,a georgian
0001000010025425_uDKcy7WQH2YEjAOA9yt53A.jpg,d interwar
0001000009995442__A1_fSdd_wGeODjCAFUl3g.jpg,e postwar
0001000010061119_vT9Of69yE5zncim-NgvXuQ.jpg,c edwardian late victorian
0001000010180400_e44Qwt65FEht4QoNMLQcaA.jpg,d interwar
0001000010199350_MUofDUz3nJomA19Wg4xfRw.jpg,e postwar
0001000010063385_5fmauK3hJBJXNniCZvXV0Q.jpg,b victorian
0001000010102328_sELrvB2DxKHGBetxZ1qR6Q.jpg,d interwar
0001000010139826_gpab6nogNpa0N6cCOJk-tQ.jpg,e postwar
0001000010093824_hn_FXSvfRsRHzutpl2Typg.jpg,c edwardian late victorian
0001000010062590_ddJBzL_iDXBzQxLS1k9T6Q.jpg,c edwardian late victorian
0001000010066343_9hDswq0V3ZK6QP_a_oWz6w.jpg,d interwar
0001000010144626_65pT4EpPIQaTTUQTjnr2Qg.jpg,d interwar
0001000010197852_Hl_XN3n-9vYXYyDHREChmQ.jpg,e postwar
0001000010143509_YMPx28EFJJ0D3XM3dxokfQ.jpg,e postwar
0001000010176072_xtjXWBYgwSVubmUp0KZhAg.jpg,d interwar
0001000010178859_xfmUaBPWsvX69gzAgPJQwQ.jpg,e postwar
0001000010057621_qzmPzhjxb6tcgNJgL1gdOA.jpg,b victorian
0001000010026133_pWxiKYPgYpQYpMue-WZDJg.jpg,e postwar
0001000010019641_4cIHO_6CgLZBIZGw8kPrPw.jpg,d interwar
0001000010069409_sMRhcRU3bLIKo8Fdir9eNA.jpg,e postwar
0001000010066851_31wnzkH71nHozgr97S8_tw.jpg,e postwar
0001000010178558_6biy_TEBrRvWf18wEJV61Q.jpg,e postwar
0001000010058876_iJbJYbA24zUGYeE2E0xNIA.jpg,c edwardian late victorian
0001000010094116_8DtZd59k1IxMR7eQo64QNg.jpg,b victorian
0001000010060783__EBgfWLRxCVnDLPA49JlzQ.jpg,b victorian
0001000010144495_L-ARetO1SgX1MCEzLDJR7g.jpg,d interwar
0001000010140833_uPUXUkB-9mrz6CNVhrSrrg.jpg,d interwar
0001000010103440_vd8Clrqaye644HkqouyHPQ.jpg,b victorian
0001000010095560_ez97LFxhQ090IvCNB3PEWQ.jpg,c edwardian late victorian
0001000010064615_u9cCnV5ozI-wFiC6eFNCJw.jpg,e postwar
0001000010093428_Aultq_xAMu7ds06xx5G0gQ.jpg,d interwar
0001000010147728_dhkZkn7bjTFz4Cj7baei9w.jpg,e postwar
0001000010144564_OCct0WJlHX4ey5VfZOPvZA.jpg,e postwar
0001000010142936_eh2YEV9Dd3ZI7X_wyy4HVQ.jpg,d interwar
0001000010181224_cLyx9XLMvh3HlYhUy9LIIg.jpg,d interwar
0001000010106733_1lTN2cJg4GlSz5GaUh9DsA.jpg,d interwar
0001000010068365_kd7RuZiwVbXzPsA4GrvTVw.jpg,e postwar
0001000010062241_Ladm7Z3KQsswREpLd0VzDQ.jpg,c edwardian late victorian
0001000010094146_R2W3RChVwonWx_5-YjEo3A.jpg,c edwardian late victorian
0001000010062300_NFDaEXzqC5M2y03hAyze-w.jpg,c edwardian late victorian
0001000010017376_XdLjl2f4DD9XMaI9iFJZ_g.jpg,c edwardian late victorian
0001000010141902_4MXXuxCY4k-58vHNR1nYBQ.jpg,c edwardian late victorian
0001000010096381__68-XYV9kiJKdU4xWy-pdw.jpg,c edwardian late victorian
0001000010065212_--STyMh2vQIA2RRt68MF-g.jpg,d interwar
0001000010104287_8283_H8i3rqMfMcWVpvgmQ.jpg,c edwardian late victorian
0001000010139536_h4mWIhyP_U6wqQbK5FfcIQ.jpg,d interwar
0001000009995438_R2Yo52Q3Uhlgl4jY68WxIQ.jpg,c edwardian late victorian
0001000010102854_41zLLF6whA77XBgiCMgJiw.jpg,b victorian
0001000010015451_edDbDGsURzwPnvgAbLVr3g.jpg,e postwar
0001000010106154_Vv2ZF9nIm5iOVBzijMHL0Q.jpg,c edwardian late victorian
0001000010097760_6KqQb0fULsKzhC-ppT9gaA.jpg,c edwardian late victorian
0001000010059830_WNGjSA1iB9oeTEZQG5c3Jg.jpg,b victorian
0001000010059927_wz-JdWPdE_rYeIweMy3s9Q.jpg,b victorian
0001000010059653_i2V8E7_JFhEXmCjyWOdhuQ.jpg,c edwardian late victorian
0001000010092905_mihRnVwGa_WI-nyK23VVvw.jpg,d interwar
0001000010060136_JSViTsdyehmfI13BhKd93w.jpg,c edwardian late victorian
0001000010022508_p2yHCJXPWZ94j9aVy9oA8Q.jpg,e postwar
0001000010144002_6DrmTR6_GLVrBMAOKsZzOA.jpg,e postwar
0001000010024931_46txv4zH9ToF7QGdQw05NA.jpg,d interwar
0001000010060130_w6ciQRKjPcbeNSVUXjOBgg.jpg,d interwar
0001000010097435_tw1wE9Y9IO0tBgERpBHfaA.jpg,b victorian
0001000010062620_OQdZsSRWyEAb5cpE111-5w.jpg,c edwardian late victorian
0001000010097107__GkWnLfHnU_VjfUXFIubeA.jpg,c edwardian late victorian
0001000010102246_gw1-yBRxhtE9VLhhD2jvZQ.jpg,c edwardian late victorian
0001000010136582_gLfdciF2vze2a9_bZ3mSKw.jpg,e postwar
0001000010177276_UKoxpZWmZtMkD7qYF6w5lQ.jpg,d interwar
0001000010138221_zZdr72mRY9xF28hjwjOHZA.jpg,d interwar
0001000010102486__B0ltR1odIiUuiHeL3NmiA.jpg,d interwar
0001000010142024_dEBx3TGAi_gld-bdr-j6ew.jpg,d interwar
0001000010141907_ROJK6s3PqaSlc_cFkUYC6Q.jpg,c edwardian late victorian
0001000010023240_hwJh3KZY7lvShHUcQf8uHQ.jpg,e postwar
0001000010108315_yAMYYzeCqJhL8U1Zw0yqWQ.jpg,d interwar
0001000010026061_fAiQvyWuwFGiLP4rJd1bVQ.jpg,e postwar
0001000010140044_gHiEiJfdIdveRH6FgrhM4Q.jpg,e postwar
0001000010102198_OEmuAqRvR8wEessqFeBbEQ.jpg,d interwar
0001000010110099_rRYr6bInf2MlAiAMnAo8LQ.jpg,d interwar
0001000010103386_u_7T3iAyG9xNgeN_ETY7aQ.jpg,b victorian
0001000010061619_GSycbnabaTcflQ_NLvBlrA.jpg,c edwardian late victorian
0001000010097404_G_4YhTGkXh3oJRqoA_hotA.jpg,b victorian
0001000010057194_4gYm0h3fpHr7PornNCpB9A.jpg,c edwardian late victorian
0001000010016999_NU2o8R5hOtWja9fiWv9ZXA.jpg,b victorian
0001000010139442_4gHNKK2Y1CtV32nQ0dhLhw.jpg,d interwar
0001000010102760_TfWbtR_t2heoFQlUJP9lFQ.jpg,b victorian
0001000010019286_X70fEZfxSHUiqUqSWqLD5g.jpg,b victorian
0001000010102097_FBeWsAh9wwhL4BEEuQe-VA.jpg,d interwar
0001000010025851_tQh1d3q5j225dd6H1jq2ig.jpg,e postwar
0001000009993095_qdvvGBL9EpNTOFJ_ezXDTg.jpg,d interwar
0001000010144645_MbSrQza__tMERGOC5oH1HA.jpg,d interwar
0001000010019935_e7L4_F7OS6FYJyHVUJr6_w.jpg,d interwar
0001000010024244_SzXWqRReSG-1Y2xpfe95TQ.jpg,d interwar
0001000010019751_PriRuuuaKAdPlvJouZcdOA.jpg,e postwar
0001000010109289_l-Sk2p9Cm1cs7K8oOyOPpA.jpg,c edwardian late victorian
0001000010097785_tjP9uewj_TS-t6U0v0QSrA.jpg,c edwardian late victorian
0001000010138605_J--RGrlgSc9tSjJsLsLD2Q.jpg,e postwar
0001000010058094_zcsb16ITJVGKgyZNr5u_RA.jpg,c edwardian late victorian
0001000010102820_fvTxTnKEJDB79VWbnQCuQg.jpg,b victorian
0001000010020131_LfcAW5KA06R0-X4q07E-mw.jpg,c edwardian late victorian
0001000010140962_DC0CLCZC0HimsOD7ygJrpQ.jpg,e postwar
0001000010139857_gt08h7LFkQHsRaBRqUu7KQ.jpg,d interwar
0001000010180203_U2-uoXKVzb5lXhXclPyWLA.jpg,d interwar
0001000010107338_X1gDi7UflUnKF8cX7In9qQ.jpg,d interwar
0001000010055983_1lRPGPC6WF4VMKA7cHNtog.jpg,b victorian
0001000010144475_PmlGk1Nm5yx5rbZJKGowFA.jpg,d interwar
0001000010108777_4LLK3nCoROqBKSl7LGWdtA.jpg,d interwar
0001000010106164_Ww3V0IzF4WfBfs7rpngsWQ.jpg,c edwardian late victorian
0001000010101049_FPmsQzaywxr0RXAB0eP-IQ.jpg,c edwardian late victorian
0001000010107878_7-1nAxhqRhvZtLbGDOMD2A.jpg,e postwar
0001000010024624_EusWm7GBvvrp-ghi_QQOmw.jpg,d interwar
0001000010060050_RIs7eCBKklMEyIZMB1INvw.jpg,c edwardian late victorian
0001000010102773_EQUOMAb0bJFMoD6kemHpbA.jpg,b victorian
0001000010064860_YJ5FocDk5Lk89KtnOGsprQ.jpg,d interwar
0001000010104463_u5BAzEt5btkirerpAlgepA.jpg,d interwar
0001000010057225_k-88cKqlejz7xeLwVoIaSQ.jpg,b victorian
0001000010023631_uE7F6aw-ZICI4qMwns3B7w.jpg,e postwar
0001000010142670_rU38veHiFIzXxumMKfMErw.jpg,d interwar
0001000010144375_sWMUxken3aexAABREfgtGw.jpg,d interwar
0001000010142945_vgNZpafeht_zmnDFKp2iLQ.jpg,d interwar
0001000010098146_OBsEDgxGSNG82tmkExiPuQ.jpg,c edwardian late victorian
0001000010103975_qUl-Txw87L8wR2n5GZ7ouQ.jpg,b victorian
0001000010110642_QG5hLwGIDJJ3eVTscAfF5Q.jpg,e postwar
0001000009995426_nxRGyBvy4AqEW1pdGSBzqQ.jpg,c edwardian late victorian
0001000010101273_UCynXfCK_6e0GWRSt6bbeg.jpg,c edwardian late victorian
0001000010062788_ygIPYIfKZDN4X3_Gfjyqdw.jpg,c edwardian late victorian
0001000010097459_7KwEYwIb21FMQu8vVzuBZA.jpg,c edwardian late victorian
0001000010142719_5h_r3Vk3pSCbsCGHE1F8rA.jpg,d interwar
0001000010137800_CBftQqLHdtm7EETOi3uYUQ.jpg,d interwar
0001000010061662_2IX22HtmtRll07-C1I4CpQ.jpg,e postwar
0001000010105484_TuduLYztHVU3pqbeBTCcGw.jpg,b victorian
0001000009995113_5uzu0aUgEY_BncZKB2mkkw.jpg,e postwar
0001000010103668_H3KsNt3OcltFLNyZVDTgsA.jpg,b victorian
0001000010110918_O3oj1-bl344tcY1UB0FV7g.jpg,d interwar
0001000010102793_Wl1UZuIsQRxCSAZ1nrDv1w.jpg,b victorian
0001000010061638_5b2BY-YVbv6aescjgqebAQ.jpg,c edwardian late victorian
0001000010145558_SY4_RDJlp5mCm3VbqVDW1A.jpg,c edwardian late victorian
0001000010059564_AgN1PU41FlRPjUlc97XAbA.jpg,b victorian
0001000010099867_Ujj0l_3QEls9Sw_2_NFbvQ.jpg,e postwar
0001000010097706_fU-JcLAxaWfvpHDV_3MKqg.jpg,b victorian
0001000010023661_tFn0t27Ho8d1J3AWNhN6vA.jpg,e postwar
0001000010138437__yUsnU3DNK2pZAKTkMbxMA.jpg,d interwar
0001000010181247_YltTYnByjhzkJgmLxW8h_Q.jpg,d interwar
0001000010103390_Qn04Md1EvgkXgK3299-Tww.jpg,b victorian
0001000010138888_JgzC9YNEnsVTfrB561S5iw.jpg,d interwar
0001000010016939_Hrs365eiOoLbrtVfxsoUGw.jpg,b victorian
0001000010111316_sWlLYnT__-B5xHfe739mVA.jpg,e postwar
0001000010061492_RjfCrDdlcKBI2VJzeFUAag.jpg,e postwar
0001000010066311_Q2J4nWQtoYGvik_8sMgodA.jpg,d interwar
0001000010026918_ZlTVC2jvZsJRQjk2FuP0Kg.jpg,d interwar
0001000010141323_Duq2hvCUYazrL8wwLyuieg.jpg,e postwar
0001000010105683_lwsrmXp2pR5xU9UryuCiBw.jpg,c edwardian late victorian
0001000010138553_wcLTZCrR8YOfw7cwM9oV5A.jpg,e postwar
0001000010020403_SWkwrguavfjna5V8PcDY_g.jpg,c edwardian late victorian
0001000010057984_l0QQIItEVev-tGcCbHfZ9A.jpg,b victorian
0001000010096788_HWhpc-mdw-Uugrg1AT4NDg.jpg,e postwar
0001000010111078_yrniTMf0P4BhWlAYgpFGpQ.jpg,e postwar
0001000010179352_Nw3Utgdy1DP1bgmjneyrfg.jpg,e postwar
0001000010097746_tjP9uewj_TS-t6U0v0QSrA.jpg,c edwardian late victorian
0001000010138666_urFaKt0CUkEeJQ3pL_0ymw.jpg,d interwar
0001000010064313_v27mUBGmt4CY9eUyc1OKBw.jpg,e postwar
0001000010141649_kBDR8FtY9qEvC6fzeLzcSA.jpg,b victorian
0001000010063008_ph6qgFvZXFLuyCSjV7dTMw.jpg,e postwar
0001000010058100_xBAz4f8lI2MTivvvWv6wyQ.jpg,c edwardian late victorian
0001000010141339_Duq2hvCUYazrL8wwLyuieg.jpg,d interwar
0001000010061944_5GR-uvDUfBQ3RICZJRIfgw.jpg,c edwardian late victorian
0001000010023969_FvZs30FnItoamx0VydlI5A.jpg,e postwar
0001000010096632_JnjZmlhZGpJShRWzBwYHbg.jpg,b victorian
0001000010176078_4YwW5dUqDPzWfDJjVK2VGA.jpg,e postwar
0001000010179319_Fe_lk7uv5R_STjCyxYojbQ.jpg,d interwar
0001000010144535_Akr4nJ8mKiFGN8CxIC96mQ.jpg,d interwar
0001000010099545_tu442n_aJAFTiIig87reeQ.jpg,d interwar
0001000010105712_o-QJnmf6rgeOBB6KnUYDQQ.jpg,c edwardian late victorian
0001000010197722_v9kx86wP6f6xgwHpVV6iAw.jpg,d interwar
0001000010101005_NyIJ2LkWdDRMQzY8wTMU0g.jpg,c edwardian late victorian
0001000010025630_f0SFBR_UXZFQAZmTyqgHkA.jpg,c edwardian late victorian
0001000010141872_p4eZGmYZMMIkHjOmilS_4w.jpg,c edwardian late victorian
0001000009995491_m9PbZlTPAme-gMZzLtoOzA.jpg,d interwar
0001000010176407_fNec7wf5WWlniY8dmWTGkw.jpg,e postwar
0001000010026179_O8Ry6JqwgCe85IJ28LP1GQ.jpg,e postwar
0001000010099813_ptkF6oU915x8hIsLZiis8w.jpg,e postwar
0001000010146112_JpknNPVOSwoYGDwIRT2Nzg.jpg,e postwar
0001000010065290_mMIYepOOSV0ZwWGYYQ_wEQ.jpg,d interwar
0001000010142968_PTCqI7BHYX0wCTjEL5C4vQ.jpg,e postwar
0001000010144539_qM8jGoMHm1jr7ruYjSKwPA.jpg,d interwar
0001000010101466_CsUlU_iDVFySL-JOGD0b-A.jpg,d interwar
0001000010061756_xX9sizQiuo8gfq3JwxLF1w.jpg,d interwar
0001000010137494_sCYg5jTAEUjgX8zgVhVs5A.jpg,e postwar
0001000010099771_YDCphdmTFfxvqITD31OAWg.jpg,d interwar
0001000010096471_eKj6aEjxcSBTj9OH6hID9A.jpg,c edwardian late victorian
0001000010096747_fLJ5e2GTWMM_Abst8H7UGA.jpg,c edwardian late victorian
0001000010097009_G8je_5kVRYqrf9MfyRvRHA.jpg,b victorian
0001000010095926_QDw0E06aCnnsowO_sU9eaw.jpg,d interwar
0001000010143163_u7yeWyEpvWMEui9SeOz6Yg.jpg,d interwar
0001000010110078_hNpsri5-_qCEuOQxYmYpuQ.jpg,d interwar
0001000010019505_EYYxohEjKI9mkPQrah56Pw.jpg,d interwar
0001000010141905_a48JpzKtAX-zDvlrthq-og.jpg,c edwardian late victorian
0001000010097761_tq8vQlFEjPYjqShuNhHd7Q.jpg,b victorian
0001000010023412_31OE-wQ6gXOArz8y7EnMyg.jpg,e postwar
0001000010025953_C4Jb1Z2jKdhGkzB72mgtyg.jpg,e postwar
0001000010102801_X8sLCdFl0QsrIbYPA6C5KA.jpg,b victorian
0001000010104393_TssZOLEiqNaAZi7_G1dQzw.jpg,e postwar
0001000010097666_DEpW-X7JRcWZneLE906B-g.jpg,c edwardian late victorian
0001000010060180_mHXfEc_TC7GkEs0S_0_AbQ.jpg,c edwardian late victorian
0001000010019682_g6E7qpujrHPDNkMusduDxQ.jpg,d interwar
0001000010064556_lcw1d3FsYdAl0C1XhVd64w.jpg,e postwar
0001000010107455_S2VmUALi6DMjSVGfuAPx7w.jpg,d interwar
0001000010176990_iPoOagVQNVkK3Hoo-DjukQ.jpg,e postwar
0001000010055806_lyJJbTeDC3lPTJzKS6DKuA.jpg,c edwardian late victorian
0001000010142016_Ff4rKH0rI5gWP7KTIK-HvA.jpg,c edwardian late victorian
0001000010176277_iZrsAWoBJdjhoVJhxZI0Mw.jpg,e postwar
0001000010017111_hkwRv0qOTu2czLbtKqLYEQ.jpg,c edwardian late victorian
0001000009995486_Evnm9JPGhRsT4UlvZ9skaw.jpg,d interwar
0001000010102304_sWMUxken3aexAABREfgtGw.jpg,d interwar
0001000010181236_0J0f8KI0H_k6skPu8m0rLw.jpg,d interwar
0001000010111258_4tiZMdJVqQOn3qV0pK2-PQ.jpg,e postwar
0001000010197440_B7VZvkmZsZXnZ40kL85vng.jpg,e postwar
0001000010066415_OuXebawyScfmtQVLibl64g.jpg,d interwar
0001000010055865_iOGlqfoVm1Rw57cuPqVlHQ.jpg,c edwardian late victorian
0001000010102736_2H0BMZZtb6NgtDMVRzUF5Q.jpg,b victorian
0001000010097493_la7ntI5jC0W_ROS91QWiXw.jpg,c edwardian late victorian
0001000010065922_j58UZp9h24Pc3OohxMYgUQ.jpg,d interwar
0001000010106128_Ww3V0IzF4WfBfs7rpngsWQ.jpg,c edwardian late victorian
0001000010102138_lFPjtusJLu476ZiWAubXRw.jpg,d interwar
0001000010103820_mF6OqQrRTOlAoGdaraQsTQ.jpg,b victorian
0001000010018972_QbhZ39LkPPaCNFQWOS4aLQ.jpg,b victorian
0001000009995502_g9ZWDzLCNtKOndr2bFGiyA.jpg,d interwar
0001000010180297_LW2fzoEJRXkkQhrzP2EGOg.jpg,d interwar
0001000010061859_28iQATU9a0-xFNG_g2W1xQ.jpg,d interwar
0001000010109933_-yhvmsZXqdP-2V_t9T3tfQ.jpg,e postwar
0001000010093899_Wgn1d59VUagV2IqijDp78g.jpg,c edwardian late victorian
